symptoms,condition
I have muscle spasms and stiffness in lower back and difficulty bending and pain in lower back.,Lower back pain
I have pain radiating to legs and muscle spasms.,Lower back pain
I have difficulty bending and pain in lower back.,Lower back pain
I have pain radiating to legs.,Lower back pain
I have pain in lower back and muscle spasms and pain radiating to legs.,Lower back pain
I have stiffness in lower back and pain radiating to legs.,Lower back pain
I have pain in lower back and muscle spasms.,Lower back pain
I have pain radiating to legs and stiffness in lower back and pain in lower back.,Lower back pain
I have stiffness in lower back.,Lower back pain
I have pain radiating to legs and pain in lower back.,Lower back pain
I have stiffness in lower back and difficulty bending and pain radiating to legs and pain in lower back and muscle spasms.,Lower back pain
I have stiffness in lower back and pain in lower back and difficulty bending and muscle spasms and pain radiating to legs.,Lower back pain
I have stiffness in lower back and pain in lower back and muscle spasms.,Lower back pain
I have pain radiating to legs and muscle spasms.,Lower back pain
I have stiffness in lower back and muscle spasms and pain in lower back.,Lower back pain
I have difficulty bending and stiffness in lower back and pain in lower back and pain radiating to legs.,Lower back pain
I have difficulty bending and stiffness in lower back and muscle spasms and pain in lower back and pain radiating to legs.,Lower back pain
I have difficulty bending and pain in lower back.,Lower back pain
I have stiffness in lower back and pain in lower back and muscle spasms and difficulty bending.,Lower back pain
I have pain in lower back and pain radiating to legs.,Lower back pain
I have muscle spasms.,Lower back pain
I have pain radiating to legs.,Lower back pain
I have pain in lower back.,Lower back pain
I have pain radiating to legs and pain in lower back and muscle spasms.,Lower back pain
I have pain radiating to legs and pain in lower back and stiffness in lower back and muscle spasms and difficulty bending.,Lower back pain
I have muscle spasms and stiffness in lower back.,Lower back pain
I have difficulty bending and pain in lower back and pain radiating to legs.,Lower back pain
I have difficulty bending and pain radiating to legs and pain in lower back and muscle spasms and stiffness in lower back.,Lower back pain
I have pain in lower back and pain radiating to legs and difficulty bending.,Lower back pain
I have pain in lower back and stiffness in lower back and difficulty bending.,Lower back pain
I have pain radiating to legs and difficulty bending and muscle spasms and pain in lower back and stiffness in lower back.,Lower back pain
I have difficulty bending and pain radiating to legs and pain in lower back and stiffness in lower back and muscle spasms.,Lower back pain
I have difficulty bending and pain in lower back and muscle spasms and pain radiating to legs.,Lower back pain
I have difficulty bending and muscle spasms and pain in lower back.,Lower back pain
I have stiffness in lower back and pain in lower back and muscle spasms and pain radiating to legs and difficulty bending.,Lower back pain
I have difficulty bending and pain in lower back and pain radiating to legs.,Lower back pain
I have pain radiating to legs and stiffness in lower back and muscle spasms and pain in lower back.,Lower back pain
I have muscle spasms and pain radiating to legs.,Lower back pain
I have pain radiating to legs and muscle spasms and stiffness in lower back and pain in lower back.,Lower back pain
I have pain in lower back and pain radiating to legs.,Lower back pain
I have difficulty bending and pain in lower back and stiffness in lower back and pain radiating to legs and muscle spasms.,Lower back pain
I have muscle spasms.,Lower back pain
I have difficulty bending and pain radiating to legs and stiffness in lower back.,Lower back pain
I have pain in lower back and difficulty bending.,Lower back pain
I have difficulty bending and pain in lower back.,Lower back pain
I have pain radiating to legs and difficulty bending and muscle spasms and pain in lower back.,Lower back pain
I have difficulty bending and stiffness in lower back and pain radiating to legs.,Lower back pain
I have difficulty bending and muscle spasms and stiffness in lower back and pain in lower back and pain radiating to legs.,Lower back pain
I have difficulty bending and pain in lower back and stiffness in lower back.,Lower back pain
I have muscle spasms and pain in lower back.,Lower back pain
I have stiffness in lower back and pain in lower back.,Lower back pain
I have pain radiating to legs and muscle spasms and stiffness in lower back and pain in lower back and difficulty bending.,Lower back pain
I have difficulty bending and muscle spasms and pain radiating to legs and pain in lower back.,Lower back pain
I have muscle spasms and stiffness in lower back and pain radiating to legs and pain in lower back.,Lower back pain
I have pain radiating to legs.,Lower back pain
I have difficulty bending and stiffness in lower back.,Lower back pain
I have difficulty bending and pain radiating to legs and muscle spasms.,Lower back pain
I have difficulty bending and pain in lower back and stiffness in lower back.,Lower back pain
I have pain radiating to legs.,Lower back pain
I have pain in lower back and pain radiating to legs.,Lower back pain
I have muscle spasms.,Lower back pain
I have pain in lower back and muscle spasms and difficulty bending.,Lower back pain
I have pain in lower back and stiffness in lower back and difficulty bending and muscle spasms and pain radiating to legs.,Lower back pain
I have pain in lower back and stiffness in lower back and difficulty bending and pain radiating to legs and muscle spasms.,Lower back pain
I have pain radiating to legs and muscle spasms and stiffness in lower back and difficulty bending and pain in lower back.,Lower back pain
I have difficulty bending.,Lower back pain
I have muscle spasms and difficulty bending and pain in lower back and pain radiating to legs.,Lower back pain
I have pain radiating to legs and difficulty bending and muscle spasms and stiffness in lower back and pain in lower back.,Lower back pain
I have pain radiating to legs and stiffness in lower back and muscle spasms and pain in lower back.,Lower back pain
I have pain in lower back.,Lower back pain
I have difficulty bending and pain radiating to legs and muscle spasms.,Lower back pain
I have difficulty bending.,Lower back pain
I have difficulty bending and stiffness in lower back.,Lower back pain
I have muscle spasms and pain radiating to legs and pain in lower back.,Lower back pain
I have stiffness in lower back and muscle spasms and difficulty bending and pain in lower back and pain radiating to legs.,Lower back pain
I have stiffness in lower back and muscle spasms and difficulty bending.,Lower back pain
I have pain radiating to legs.,Lower back pain
I have pain radiating to legs and muscle spasms.,Lower back pain
I have difficulty bending and stiffness in lower back and pain in lower back and pain radiating to legs and muscle spasms.,Lower back pain
I have pain radiating to legs and muscle spasms.,Lower back pain
I have pain radiating to legs.,Lower back pain
I have stiffness in lower back and muscle spasms and pain in lower back.,Lower back pain
I have pain radiating to legs and stiffness in lower back and pain in lower back and muscle spasms and difficulty bending.,Lower back pain
I have difficulty bending and pain in lower back and stiffness in lower back.,Lower back pain
I have muscle spasms and stiffness in lower back and pain in lower back.,Lower back pain
I have muscle spasms.,Lower back pain
I have pain radiating to legs and difficulty bending.,Lower back pain
I have pain radiating to legs and stiffness in lower back.,Lower back pain
I have pain radiating to legs and difficulty bending.,Lower back pain
I have muscle spasms and pain in lower back and difficulty bending and pain radiating to legs and stiffness in lower back.,Lower back pain
I have difficulty bending.,Lower back pain
I have pain in lower back and pain radiating to legs.,Lower back pain
I have difficulty bending.,Lower back pain
I have pain in lower back and difficulty bending and pain radiating to legs.,Lower back pain
I have stiffness in lower back.,Lower back pain
I have stiffness in lower back and muscle spasms and pain in lower back and difficulty bending and pain radiating to legs.,Lower back pain
I have pain in lower back.,Lower back pain
I have difficulty bending and pain radiating to legs and stiffness in lower back.,Lower back pain
I have muscle spasms and stiffness in lower back.,Lower back pain
I have muscle spasms and pain radiating to legs.,Lower back pain
I have pain radiating to shoulders and headaches and stiffness in neck and limited range of motion.,Neck pain
I have limited range of motion.,Neck pain
I have pain in neck and pain radiating to shoulders and stiffness in neck and headaches and limited range of motion.,Neck pain
I have pain radiating to shoulders and pain in neck.,Neck pain
I have limited range of motion and pain in neck.,Neck pain
I have stiffness in neck and pain in neck and limited range of motion.,Neck pain
I have limited range of motion.,Neck pain
I have stiffness in neck and limited range of motion and headaches and pain radiating to shoulders and pain in neck.,Neck pain
I have pain in neck and limited range of motion and pain radiating to shoulders and headaches.,Neck pain
I have headaches.,Neck pain
I have limited range of motion and pain in neck and pain radiating to shoulders and stiffness in neck.,Neck pain
I have headaches and pain in neck.,Neck pain
I have pain in neck and stiffness in neck and limited range of motion and pain radiating to shoulders and headaches.,Neck pain
I have stiffness in neck and pain in neck and pain radiating to shoulders and limited range of motion and headaches.,Neck pain
I have pain radiating to shoulders and stiffness in neck and limited range of motion and headaches.,Neck pain
I have pain in neck and pain radiating to shoulders and limited range of motion and headaches and stiffness in neck.,Neck pain
I have headaches and pain radiating to shoulders and stiffness in neck.,Neck pain
I have stiffness in neck and pain in neck and limited range of motion and pain radiating to shoulders.,Neck pain
I have pain radiating to shoulders and limited range of motion.,Neck pain
I have headaches and pain radiating to shoulders and pain in neck and stiffness in neck and limited range of motion.,Neck pain
I have headaches and pain in neck.,Neck pain
I have pain radiating to shoulders and stiffness in neck and limited range of motion and pain in neck and headaches.,Neck pain
I have stiffness in neck and pain radiating to shoulders and limited range of motion and pain in neck and headaches.,Neck pain
I have pain radiating to shoulders and headaches and pain in neck and stiffness in neck.,Neck pain
I have limited range of motion and pain radiating to shoulders and stiffness in neck.,Neck pain
I have headaches and limited range of motion and pain in neck.,Neck pain
I have pain in neck and pain radiating to shoulders.,Neck pain
I have limited range of motion and stiffness in neck and pain radiating to shoulders and pain in neck.,Neck pain
I have stiffness in neck and headaches.,Neck pain
I have limited range of motion.,Neck pain
I have headaches and pain radiating to shoulders and pain in neck and stiffness in neck and limited range of motion.,Neck pain
I have headaches and pain in neck and pain radiating to shoulders.,Neck pain
I have limited range of motion and headaches and pain in neck.,Neck pain
I have pain radiating to shoulders and pain in neck and headaches and limited range of motion.,Neck pain
I have pain in neck and stiffness in neck and limited range of motion and headaches.,Neck pain
I have pain radiating to shoulders and stiffness in neck and limited range of motion.,Neck pain
I have stiffness in neck and limited range of motion.,Neck pain
I have pain in neck and headaches and pain radiating to shoulders and stiffness in neck and limited range of motion.,Neck pain
I have stiffness in neck and limited range of motion and headaches and pain in neck and pain radiating to shoulders.,Neck pain
I have pain in neck and limited range of motion and pain radiating to shoulders and headaches.,Neck pain
I have pain radiating to shoulders and stiffness in neck and headaches.,Neck pain
I have headaches.,Neck pain
I have limited range of motion and pain in neck.,Neck pain
I have pain radiating to shoulders and headaches and pain in neck and stiffness in neck and limited range of motion.,Neck pain
I have headaches.,Neck pain
I have headaches and limited range of motion and pain in neck and pain radiating to shoulders.,Neck pain
I have pain radiating to shoulders and stiffness in neck and limited range of motion.,Neck pain
I have limited range of motion and pain in neck and headaches and pain radiating to shoulders and stiffness in neck.,Neck pain
I have stiffness in neck and limited range of motion.,Neck pain
I have headaches and limited range of motion and pain in neck and pain radiating to shoulders.,Neck pain
I have pain in neck.,Neck pain
I have pain radiating to shoulders and limited range of motion and pain in neck.,Neck pain
I have pain in neck.,Neck pain
I have stiffness in neck and limited range of motion and pain in neck and headaches and pain radiating to shoulders.,Neck pain
I have pain radiating to shoulders and stiffness in neck and headaches and limited range of motion and pain in neck.,Neck pain
I have pain in neck.,Neck pain
I have stiffness in neck and pain radiating to shoulders and limited range of motion and pain in neck.,Neck pain
I have pain radiating to shoulders.,Neck pain
I have limited range of motion and stiffness in neck and pain radiating to shoulders and headaches.,Neck pain
I have limited range of motion and stiffness in neck.,Neck pain
I have stiffness in neck and headaches.,Neck pain
I have stiffness in neck and pain in neck and headaches.,Neck pain
I have limited range of motion and stiffness in neck and pain in neck and headaches.,Neck pain
I have headaches and limited range of motion.,Neck pain
I have pain in neck and headaches.,Neck pain
I have pain radiating to shoulders.,Neck pain
I have stiffness in neck and pain radiating to shoulders and pain in neck and limited range of motion and headaches.,Neck pain
I have pain radiating to shoulders and pain in neck.,Neck pain
I have headaches and stiffness in neck and pain in neck and limited range of motion.,Neck pain
I have pain in neck and stiffness in neck and pain radiating to shoulders and limited range of motion.,Neck pain
I have pain radiating to shoulders and headaches and limited range of motion and stiffness in neck and pain in neck.,Neck pain
I have limited range of motion and headaches and stiffness in neck.,Neck pain
I have pain in neck and stiffness in neck and pain radiating to shoulders and headaches.,Neck pain
I have pain in neck and limited range of motion and headaches and pain radiating to shoulders and stiffness in neck.,Neck pain
I have stiffness in neck and headaches and pain radiating to shoulders.,Neck pain
I have limited range of motion and headaches and stiffness in neck and pain in neck and pain radiating to shoulders.,Neck pain
I have stiffness in neck.,Neck pain
I have pain radiating to shoulders.,Neck pain
I have stiffness in neck and pain radiating to shoulders and headaches.,Neck pain
I have stiffness in neck and headaches and limited range of motion and pain radiating to shoulders and pain in neck.,Neck pain
I have headaches and pain in neck.,Neck pain
I have headaches and limited range of motion and pain in neck and pain radiating to shoulders.,Neck pain
I have pain radiating to shoulders and pain in neck and stiffness in neck.,Neck pain
I have pain in neck and limited range of motion and pain radiating to shoulders.,Neck pain
I have pain radiating to shoulders and headaches and stiffness in neck and limited range of motion and pain in neck.,Neck pain
I have headaches and stiffness in neck.,Neck pain
I have pain radiating to shoulders.,Neck pain
I have pain radiating to shoulders and limited range of motion and stiffness in neck and pain in neck.,Neck pain
I have pain in neck and pain radiating to shoulders and stiffness in neck and limited range of motion and headaches.,Neck pain
I have headaches and limited range of motion and stiffness in neck.,Neck pain
I have pain radiating to shoulders and pain in neck.,Neck pain
I have headaches and limited range of motion and pain radiating to shoulders and stiffness in neck and pain in neck.,Neck pain
I have pain in neck and pain radiating to shoulders and limited range of motion.,Neck pain
I have limited range of motion.,Neck pain
I have pain radiating to shoulders.,Neck pain
I have stiffness in neck and pain in neck and headaches.,Neck pain
I have pain radiating to shoulders.,Neck pain
I have limited range of motion.,Neck pain
I have stiffness in neck.,Neck pain
I have limited range of motion and pain in neck.,Neck pain
I have pain when reaching overhead and pain in shoulder and weakness in shoulder.,Shoulder impingement
I have pain in shoulder and difficulty lifting arm and weakness in shoulder.,Shoulder impingement
I have pain in shoulder and weakness in shoulder.,Shoulder impingement
I have pain when reaching overhead and difficulty lifting arm and pain in shoulder.,Shoulder impingement
I have pain when reaching overhead.,Shoulder impingement
I have difficulty lifting arm.,Shoulder impingement
I have pain in shoulder and weakness in shoulder and difficulty lifting arm and pain when reaching overhead.,Shoulder impingement
I have pain when reaching overhead.,Shoulder impingement
I have difficulty lifting arm and weakness in shoulder and pain in shoulder and pain when reaching overhead.,Shoulder impingement
I have weakness in shoulder and pain when reaching overhead and difficulty lifting arm and pain in shoulder.,Shoulder impingement
I have difficulty lifting arm and pain when reaching overhead and pain in shoulder and weakness in shoulder.,Shoulder impingement
I have pain in shoulder.,Shoulder impingement
I have pain when reaching overhead.,Shoulder impingement
I have weakness in shoulder and pain in shoulder and difficulty lifting arm.,Shoulder impingement
I have pain when reaching overhead and pain in shoulder.,Shoulder impingement
I have pain when reaching overhead and pain in shoulder and weakness in shoulder.,Shoulder impingement
I have difficulty lifting arm and pain in shoulder and weakness in shoulder.,Shoulder impingement
I have difficulty lifting arm and weakness in shoulder.,Shoulder impingement
I have weakness in shoulder.,Shoulder impingement
I have difficulty lifting arm and pain in shoulder and weakness in shoulder and pain when reaching overhead.,Shoulder impingement
I have difficulty lifting arm and pain when reaching overhead.,Shoulder impingement
I have pain when reaching overhead.,Shoulder impingement
I have difficulty lifting arm.,Shoulder impingement
I have pain in shoulder.,Shoulder impingement
I have difficulty lifting arm.,Shoulder impingement
I have pain in shoulder and pain when reaching overhead and weakness in shoulder.,Shoulder impingement
I have difficulty lifting arm and weakness in shoulder.,Shoulder impingement
I have difficulty lifting arm and pain in shoulder and weakness in shoulder.,Shoulder impingement
I have pain in shoulder and weakness in shoulder.,Shoulder impingement
I have weakness in shoulder and pain in shoulder and pain when reaching overhead.,Shoulder impingement
I have difficulty lifting arm.,Shoulder impingement
I have difficulty lifting arm and weakness in shoulder.,Shoulder impingement
I have weakness in shoulder.,Shoulder impingement
I have pain in shoulder and pain when reaching overhead.,Shoulder impingement
I have weakness in shoulder.,Shoulder impingement
I have difficulty lifting arm and pain in shoulder and pain when reaching overhead and weakness in shoulder.,Shoulder impingement
I have difficulty lifting arm.,Shoulder impingement
I have pain in shoulder and pain when reaching overhead and difficulty lifting arm.,Shoulder impingement
I have pain in shoulder and weakness in shoulder and difficulty lifting arm and pain when reaching overhead.,Shoulder impingement
I have pain when reaching overhead and pain in shoulder.,Shoulder impingement
I have pain when reaching overhead and weakness in shoulder and difficulty lifting arm.,Shoulder impingement
I have pain in shoulder.,Shoulder impingement
I have difficulty lifting arm.,Shoulder impingement
I have pain in shoulder and pain when reaching overhead and weakness in shoulder.,Shoulder impingement
I have pain when reaching overhead and weakness in shoulder.,Shoulder impingement
I have pain in shoulder and difficulty lifting arm.,Shoulder impingement
I have difficulty lifting arm and weakness in shoulder and pain when reaching overhead.,Shoulder impingement
I have difficulty lifting arm and weakness in shoulder and pain in shoulder and pain when reaching overhead.,Shoulder impingement
I have difficulty lifting arm and pain when reaching overhead and weakness in shoulder and pain in shoulder.,Shoulder impingement
I have pain in shoulder and weakness in shoulder and pain when reaching overhead.,Shoulder impingement
I have difficulty lifting arm and pain when reaching overhead.,Shoulder impingement
I have pain when reaching overhead and difficulty lifting arm and weakness in shoulder and pain in shoulder.,Shoulder impingement
I have pain in shoulder.,Shoulder impingement
I have weakness in shoulder.,Shoulder impingement
I have pain when reaching overhead and difficulty lifting arm and pain in shoulder and weakness in shoulder.,Shoulder impingement
I have difficulty lifting arm.,Shoulder impingement
I have weakness in shoulder and pain in shoulder and pain when reaching overhead.,Shoulder impingement
I have difficulty lifting arm and pain in shoulder and weakness in shoulder and pain when reaching overhead.,Shoulder impingement
I have pain in shoulder and weakness in shoulder and pain when reaching overhead.,Shoulder impingement
I have pain in shoulder and difficulty lifting arm and pain when reaching overhead.,Shoulder impingement
I have weakness in shoulder.,Shoulder impingement
I have pain when reaching overhead.,Shoulder impingement
I have pain in shoulder and weakness in shoulder and pain when reaching overhead.,Shoulder impingement
I have pain when reaching overhead.,Shoulder impingement
I have pain when reaching overhead.,Shoulder impingement
I have weakness in shoulder and difficulty lifting arm and pain when reaching overhead and pain in shoulder.,Shoulder impingement
I have pain in shoulder and difficulty lifting arm and weakness in shoulder and pain when reaching overhead.,Shoulder impingement
I have difficulty lifting arm and weakness in shoulder.,Shoulder impingement
I have difficulty lifting arm and pain when reaching overhead.,Shoulder impingement
I have pain in shoulder and pain when reaching overhead and difficulty lifting arm and weakness in shoulder.,Shoulder impingement
I have pain in shoulder and difficulty lifting arm and pain when reaching overhead and weakness in shoulder.,Shoulder impingement
I have weakness in shoulder and difficulty lifting arm and pain when reaching overhead and pain in shoulder.,Shoulder impingement
I have pain in shoulder.,Shoulder impingement
I have pain when reaching overhead and weakness in shoulder and pain in shoulder and difficulty lifting arm.,Shoulder impingement
I have pain in shoulder.,Shoulder impingement
I have pain when reaching overhead.,Shoulder impingement
I have pain in shoulder.,Shoulder impingement
I have pain when reaching overhead.,Shoulder impingement
I have difficulty lifting arm and weakness in shoulder.,Shoulder impingement
I have pain in shoulder.,Shoulder impingement
I have difficulty lifting arm and pain when reaching overhead and pain in shoulder and weakness in shoulder.,Shoulder impingement
I have pain in shoulder and pain when reaching overhead.,Shoulder impingement
I have difficulty lifting arm.,Shoulder impingement
I have pain in shoulder and weakness in shoulder.,Shoulder impingement
I have pain in shoulder.,Shoulder impingement
I have pain in shoulder and weakness in shoulder and pain when reaching overhead.,Shoulder impingement
I have weakness in shoulder and difficulty lifting arm and pain in shoulder.,Shoulder impingement
I have pain in shoulder and pain when reaching overhead and weakness in shoulder.,Shoulder impingement
I have pain when reaching overhead and weakness in shoulder.,Shoulder impingement
I have pain when reaching overhead and pain in shoulder and weakness in shoulder and difficulty lifting arm.,Shoulder impingement
I have weakness in shoulder and pain when reaching overhead.,Shoulder impingement
I have pain in shoulder and weakness in shoulder.,Shoulder impingement
I have weakness in shoulder and difficulty lifting arm and pain in shoulder.,Shoulder impingement
I have pain in shoulder and weakness in shoulder.,Shoulder impingement
I have difficulty lifting arm and pain in shoulder.,Shoulder impingement
I have difficulty lifting arm.,Shoulder impingement
I have pain in shoulder and weakness in shoulder.,Shoulder impingement
I have weakness in shoulder.,Shoulder impingement
I have difficulty lifting arm and pain in shoulder and weakness in shoulder and pain when reaching overhead.,Shoulder impingement
I have difficulty lifting arm and pain when reaching overhead and weakness in shoulder and pain in shoulder.,Shoulder impingement
I have pain in knee and swelling in knee and difficulty walking.,Knee osteoarthritis
I have swelling in knee and pain in knee and stiffness in knee and difficulty walking.,Knee osteoarthritis
I have stiffness in knee and difficulty walking.,Knee osteoarthritis
I have stiffness in knee and pain in knee and swelling in knee and difficulty walking.,Knee osteoarthritis
I have difficulty walking and pain in knee and swelling in knee and stiffness in knee.,Knee osteoarthritis
I have swelling in knee and pain in knee.,Knee osteoarthritis
I have stiffness in knee and swelling in knee.,Knee osteoarthritis
I have stiffness in knee and swelling in knee and pain in knee.,Knee osteoarthritis
I have pain in knee.,Knee osteoarthritis
I have difficulty walking and swelling in knee.,Knee osteoarthritis
I have pain in knee and stiffness in knee and swelling in knee and difficulty walking.,Knee osteoarthritis
I have swelling in knee and stiffness in knee and pain in knee and difficulty walking.,Knee osteoarthritis
I have swelling in knee and difficulty walking and pain in knee and stiffness in knee.,Knee osteoarthritis
I have swelling in knee and difficulty walking.,Knee osteoarthritis
I have pain in knee and difficulty walking and swelling in knee and stiffness in knee.,Knee osteoarthritis
I have difficulty walking and pain in knee and stiffness in knee and swelling in knee.,Knee osteoarthritis
I have difficulty walking and stiffness in knee and swelling in knee and pain in knee.,Knee osteoarthritis
I have stiffness in knee and swelling in knee.,Knee osteoarthritis
I have difficulty walking.,Knee osteoarthritis
I have swelling in knee.,Knee osteoarthritis
I have pain in knee.,Knee osteoarthritis
I have difficulty walking.,Knee osteoarthritis
I have stiffness in knee and pain in knee and swelling in knee.,Knee osteoarthritis
I have pain in knee and difficulty walking and stiffness in knee and swelling in knee.,Knee osteoarthritis
I have stiffness in knee and swelling in knee.,Knee osteoarthritis
I have pain in knee.,Knee osteoarthritis
I have difficulty walking and stiffness in knee and swelling in knee and pain in knee.,Knee osteoarthritis
I have difficulty walking and swelling in knee.,Knee osteoarthritis
I have difficulty walking and pain in knee and swelling in knee.,Knee osteoarthritis
I have stiffness in knee and difficulty walking and pain in knee and swelling in knee.,Knee osteoarthritis
I have stiffness in knee and pain in knee.,Knee osteoarthritis
I have stiffness in knee and swelling in knee and pain in knee.,Knee osteoarthritis
I have pain in knee and swelling in knee.,Knee osteoarthritis
I have pain in knee.,Knee osteoarthritis
I have difficulty walking and pain in knee and swelling in knee and stiffness in knee.,Knee osteoarthritis
I have swelling in knee and pain in knee.,Knee osteoarthritis
I have stiffness in knee and pain in knee and difficulty walking and swelling in knee.,Knee osteoarthritis
I have difficulty walking and pain in knee and stiffness in knee and swelling in knee.,Knee osteoarthritis
I have difficulty walking and stiffness in knee and pain in knee and swelling in knee.,Knee osteoarthritis
I have pain in knee.,Knee osteoarthritis
I have pain in knee and difficulty walking and stiffness in knee.,Knee osteoarthritis
I have swelling in knee and stiffness in knee and pain in knee.,Knee osteoarthritis
I have pain in knee and stiffness in knee.,Knee osteoarthritis
I have pain in knee and difficulty walking and swelling in knee and stiffness in knee.,Knee osteoarthritis
I have difficulty walking and stiffness in knee and swelling in knee and pain in knee.,Knee osteoarthritis
I have swelling in knee and stiffness in knee and pain in knee.,Knee osteoarthritis
I have swelling in knee.,Knee osteoarthritis
I have difficulty walking.,Knee osteoarthritis
I have pain in knee and difficulty walking.,Knee osteoarthritis
I have pain in knee and difficulty walking and swelling in knee and stiffness in knee.,Knee osteoarthritis
I have swelling in knee and pain in knee.,Knee osteoarthritis
I have difficulty walking.,Knee osteoarthritis
I have stiffness in knee and difficulty walking.,Knee osteoarthritis
I have pain in knee and stiffness in knee.,Knee osteoarthritis
I have stiffness in knee.,Knee osteoarthritis
I have stiffness in knee and swelling in knee and pain in knee.,Knee osteoarthritis
I have stiffness in knee.,Knee osteoarthritis
I have pain in knee.,Knee osteoarthritis
I have swelling in knee and pain in knee and stiffness in knee and difficulty walking.,Knee osteoarthritis
I have difficulty walking and pain in knee and stiffness in knee and swelling in knee.,Knee osteoarthritis
I have swelling in knee and pain in knee.,Knee osteoarthritis
I have swelling in knee.,Knee osteoarthritis
I have pain in knee.,Knee osteoarthritis
I have swelling in knee.,Knee osteoarthritis
I have stiffness in knee and difficulty walking and swelling in knee.,Knee osteoarthritis
I have difficulty walking and swelling in knee and pain in knee and stiffness in knee.,Knee osteoarthritis
I have pain in knee.,Knee osteoarthritis
I have pain in knee.,Knee osteoarthritis
I have stiffness in knee.,Knee osteoarthritis
I have stiffness in knee.,Knee osteoarthritis
I have swelling in knee and pain in knee and difficulty walking.,Knee osteoarthritis
I have difficulty walking and pain in knee.,Knee osteoarthritis
I have swelling in knee and difficulty walking and stiffness in knee.,Knee osteoarthritis
I have difficulty walking.,Knee osteoarthritis
I have difficulty walking and swelling in knee.,Knee osteoarthritis
I have stiffness in knee and pain in knee and swelling in knee.,Knee osteoarthritis
I have swelling in knee and difficulty walking and stiffness in knee.,Knee osteoarthritis
I have swelling in knee.,Knee osteoarthritis
I have pain in knee and difficulty walking and stiffness in knee and swelling in knee.,Knee osteoarthritis
I have swelling in knee and difficulty walking and stiffness in knee.,Knee osteoarthritis
I have difficulty walking and pain in knee and swelling in knee and stiffness in knee.,Knee osteoarthritis
I have swelling in knee.,Knee osteoarthritis
I have pain in knee and difficulty walking and stiffness in knee.,Knee osteoarthritis
I have stiffness in knee.,Knee osteoarthritis
I have difficulty walking and swelling in knee and stiffness in knee and pain in knee.,Knee osteoarthritis
I have stiffness in knee.,Knee osteoarthritis
I have difficulty walking and stiffness in knee and swelling in knee and pain in knee.,Knee osteoarthritis
I have difficulty walking and pain in knee.,Knee osteoarthritis
I have difficulty walking.,Knee osteoarthritis
I have stiffness in knee.,Knee osteoarthritis
I have pain in knee and difficulty walking.,Knee osteoarthritis
I have difficulty walking.,Knee osteoarthritis
I have swelling in knee and difficulty walking and pain in knee and stiffness in knee.,Knee osteoarthritis
I have pain in knee and stiffness in knee and difficulty walking and swelling in knee.,Knee osteoarthritis
I have stiffness in knee and difficulty walking and pain in knee.,Knee osteoarthritis
I have swelling in knee.,Knee osteoarthritis
I have pain in knee and stiffness in knee and swelling in knee and difficulty walking.,Knee osteoarthritis
I have pain in knee and swelling in knee and stiffness in knee and difficulty walking.,Knee osteoarthritis
I have stiffness in knee and pain in knee.,Knee osteoarthritis
I have pain in knee and stiffness in knee and swelling in knee.,Knee osteoarthritis
I have swelling in ankle and pain in ankle and bruising.,Ankle sprain
I have pain in ankle and swelling in ankle.,Ankle sprain
I have difficulty bearing weight and pain in ankle and bruising.,Ankle sprain
I have pain in ankle.,Ankle sprain
I have swelling in ankle and bruising and difficulty bearing weight and pain in ankle.,Ankle sprain
I have bruising.,Ankle sprain
I have bruising and swelling in ankle.,Ankle sprain
I have swelling in ankle.,Ankle sprain
I have difficulty bearing weight and swelling in ankle and pain in ankle.,Ankle sprain
I have bruising.,Ankle sprain
I have pain in ankle and bruising.,Ankle sprain
I have difficulty bearing weight.,Ankle sprain
I have bruising and swelling in ankle and difficulty bearing weight and pain in ankle.,Ankle sprain
I have pain in ankle.,Ankle sprain
I have swelling in ankle and difficulty bearing weight and bruising.,Ankle sprain
I have difficulty bearing weight and swelling in ankle and pain in ankle and bruising.,Ankle sprain
I have pain in ankle and swelling in ankle.,Ankle sprain
I have swelling in ankle and difficulty bearing weight and pain in ankle.,Ankle sprain
I have bruising and difficulty bearing weight and pain in ankle and swelling in ankle.,Ankle sprain
I have bruising and swelling in ankle and pain in ankle and difficulty bearing weight.,Ankle sprain
I have pain in ankle and swelling in ankle.,Ankle sprain
I have pain in ankle and bruising.,Ankle sprain
I have difficulty bearing weight and bruising and swelling in ankle.,Ankle sprain
I have pain in ankle and swelling in ankle.,Ankle sprain
I have difficulty bearing weight and swelling in ankle.,Ankle sprain
I have bruising and difficulty bearing weight and swelling in ankle.,Ankle sprain
I have swelling in ankle.,Ankle sprain
I have difficulty bearing weight.,Ankle sprain
I have pain in ankle.,Ankle sprain
I have pain in ankle and bruising and difficulty bearing weight.,Ankle sprain
I have bruising and swelling in ankle and pain in ankle and difficulty bearing weight.,Ankle sprain
I have difficulty bearing weight and pain in ankle.,Ankle sprain
I have bruising and difficulty bearing weight.,Ankle sprain
I have bruising and difficulty bearing weight.,Ankle sprain
I have swelling in ankle.,Ankle sprain
I have bruising and difficulty bearing weight and swelling in ankle.,Ankle sprain
I have pain in ankle.,Ankle sprain
I have bruising and pain in ankle.,Ankle sprain
I have swelling in ankle.,Ankle sprain
I have difficulty bearing weight and bruising and swelling in ankle and pain in ankle.,Ankle sprain
I have swelling in ankle and pain in ankle and bruising.,Ankle sprain
I have difficulty bearing weight and bruising and pain in ankle.,Ankle sprain
I have bruising and difficulty bearing weight and pain in ankle.,Ankle sprain
I have bruising and difficulty bearing weight and swelling in ankle.,Ankle sprain
I have swelling in ankle and difficulty bearing weight and pain in ankle.,Ankle sprain
I have bruising and difficulty bearing weight.,Ankle sprain
I have bruising and pain in ankle.,Ankle sprain
I have difficulty bearing weight and pain in ankle and swelling in ankle and bruising.,Ankle sprain
I have pain in ankle and bruising and swelling in ankle.,Ankle sprain
I have pain in ankle.,Ankle sprain
I have swelling in ankle and bruising and difficulty bearing weight.,Ankle sprain
I have pain in ankle and swelling in ankle and bruising.,Ankle sprain
I have difficulty bearing weight and pain in ankle and bruising.,Ankle sprain
I have swelling in ankle.,Ankle sprain
I have swelling in ankle and difficulty bearing weight.,Ankle sprain
I have swelling in ankle and bruising and difficulty bearing weight and pain in ankle.,Ankle sprain
I have bruising.,Ankle sprain
I have swelling in ankle and bruising.,Ankle sprain
I have difficulty bearing weight and pain in ankle and swelling in ankle.,Ankle sprain
I have difficulty bearing weight and swelling in ankle.,Ankle sprain
I have difficulty bearing weight and swelling in ankle and pain in ankle and bruising.,Ankle sprain
I have bruising and swelling in ankle.,Ankle sprain
I have difficulty bearing weight.,Ankle sprain
I have difficulty bearing weight and swelling in ankle.,Ankle sprain
I have bruising.,Ankle sprain
I have difficulty bearing weight and pain in ankle.,Ankle sprain
I have swelling in ankle and difficulty bearing weight and bruising and pain in ankle.,Ankle sprain
I have bruising and swelling in ankle.,Ankle sprain
I have bruising and difficulty bearing weight.,Ankle sprain
I have difficulty bearing weight and swelling in ankle and pain in ankle and bruising.,Ankle sprain
I have pain in ankle.,Ankle sprain
I have swelling in ankle and pain in ankle and difficulty bearing weight and bruising.,Ankle sprain
I have difficulty bearing weight and pain in ankle and bruising and swelling in ankle.,Ankle sprain
I have difficulty bearing weight.,Ankle sprain
I have pain in ankle and bruising.,Ankle sprain
I have swelling in ankle and bruising and difficulty bearing weight.,Ankle sprain
I have bruising.,Ankle sprain
I have bruising and difficulty bearing weight.,Ankle sprain
I have swelling in ankle and bruising.,Ankle sprain
I have difficulty bearing weight and pain in ankle and swelling in ankle.,Ankle sprain
I have difficulty bearing weight and bruising and swelling in ankle and pain in ankle.,Ankle sprain
I have bruising and swelling in ankle.,Ankle sprain
I have pain in ankle and swelling in ankle and bruising.,Ankle sprain
I have difficulty bearing weight.,Ankle sprain
I have bruising and pain in ankle and difficulty bearing weight and swelling in ankle.,Ankle sprain
I have pain in ankle and difficulty bearing weight and swelling in ankle.,Ankle sprain
I have difficulty bearing weight and pain in ankle and bruising and swelling in ankle.,Ankle sprain
I have bruising.,Ankle sprain
I have swelling in ankle and bruising.,Ankle sprain
I have bruising and swelling in ankle and pain in ankle.,Ankle sprain
I have swelling in ankle and bruising and pain in ankle.,Ankle sprain
I have pain in ankle.,Ankle sprain
I have difficulty bearing weight and pain in ankle and swelling in ankle.,Ankle sprain
I have swelling in ankle and bruising and pain in ankle and difficulty bearing weight.,Ankle sprain
I have swelling in ankle and bruising.,Ankle sprain
I have pain in ankle and bruising.,Ankle sprain
I have bruising.,Ankle sprain
I have pain in ankle and difficulty bearing weight.,Ankle sprain
I have bruising and swelling in ankle and pain in ankle and difficulty bearing weight.,Ankle sprain
I have pain in ankle and bruising.,Ankle sprain
I have numbness in legs and pain radiating from lower back to legs and tingling in legs and weakness in legs.,Sciatica
I have pain radiating from lower back to legs and numbness in legs and weakness in legs and tingling in legs.,Sciatica
I have numbness in legs and weakness in legs.,Sciatica
I have weakness in legs and tingling in legs and numbness in legs.,Sciatica
I have numbness in legs and tingling in legs and pain radiating from lower back to legs and weakness in legs.,Sciatica
I have pain radiating from lower back to legs.,Sciatica
I have pain radiating from lower back to legs and numbness in legs and weakness in legs.,Sciatica
I have tingling in legs and weakness in legs and pain radiating from lower back to legs.,Sciatica
I have weakness in legs and numbness in legs.,Sciatica
I have pain radiating from lower back to legs and weakness in legs and tingling in legs and numbness in legs.,Sciatica
I have weakness in legs and numbness in legs.,Sciatica
I have pain radiating from lower back to legs and numbness in legs.,Sciatica
I have weakness in legs and numbness in legs and pain radiating from lower back to legs.,Sciatica
I have weakness in legs and tingling in legs and numbness in legs and pain radiating from lower back to legs.,Sciatica
I have weakness in legs and pain radiating from lower back to legs and numbness in legs and tingling in legs.,Sciatica
I have tingling in legs and pain radiating from lower back to legs and weakness in legs.,Sciatica
I have tingling in legs and numbness in legs and weakness in legs and pain radiating from lower back to legs.,Sciatica
I have tingling in legs and weakness in legs and numbness in legs and pain radiating from lower back to legs.,Sciatica
I have pain radiating from lower back to legs and weakness in legs and numbness in legs.,Sciatica
I have pain radiating from lower back to legs and tingling in legs and weakness in legs and numbness in legs.,Sciatica
I have tingling in legs and pain radiating from lower back to legs and weakness in legs and numbness in legs.,Sciatica
I have weakness in legs and tingling in legs.,Sciatica
I have pain radiating from lower back to legs and tingling in legs.,Sciatica
I have numbness in legs and tingling in legs and pain radiating from lower back to legs and weakness in legs.,Sciatica
I have pain radiating from lower back to legs.,Sciatica
I have numbness in legs.,Sciatica
I have numbness in legs and pain radiating from lower back to legs and tingling in legs and weakness in legs.,Sciatica
I have numbness in legs and pain radiating from lower back to legs and tingling in legs and weakness in legs.,Sciatica
I have tingling in legs.,Sciatica
I have numbness in legs and tingling in legs.,Sciatica
I have numbness in legs and weakness in legs.,Sciatica
I have tingling in legs and weakness in legs.,Sciatica
I have pain radiating from lower back to legs and numbness in legs and weakness in legs.,Sciatica
I have numbness in legs and weakness in legs.,Sciatica
I have pain radiating from lower back to legs and tingling in legs and weakness in legs and numbness in legs.,Sciatica
I have pain radiating from lower back to legs and weakness in legs.,Sciatica
I have pain radiating from lower back to legs and weakness in legs.,Sciatica
I have tingling in legs and pain radiating from lower back to legs.,Sciatica
I have pain radiating from lower back to legs.,Sciatica
I have weakness in legs and tingling in legs and pain radiating from lower back to legs.,Sciatica
I have numbness in legs and pain radiating from lower back to legs.,Sciatica
I have pain radiating from lower back to legs and tingling in legs and numbness in legs.,Sciatica
I have weakness in legs.,Sciatica
I have weakness in legs and pain radiating from lower back to legs.,Sciatica
I have pain radiating from lower back to legs and numbness in legs.,Sciatica
I have pain radiating from lower back to legs and weakness in legs.,Sciatica
I have weakness in legs.,Sciatica
I have weakness in legs and numbness in legs.,Sciatica
I have tingling in legs.,Sciatica
I have tingling in legs.,Sciatica
I have pain radiating from lower back to legs and weakness in legs and numbness in legs and tingling in legs.,Sciatica
I have numbness in legs.,Sciatica
I have weakness in legs and tingling in legs and pain radiating from lower back to legs.,Sciatica
I have weakness in legs.,Sciatica
I have tingling in legs and weakness in legs and pain radiating from lower back to legs.,Sciatica
I have tingling in legs and pain radiating from lower back to legs and weakness in legs.,Sciatica
I have tingling in legs and weakness in legs.,Sciatica
I have weakness in legs and numbness in legs and tingling in legs.,Sciatica
I have tingling in legs.,Sciatica
I have pain radiating from lower back to legs and weakness in legs.,Sciatica
I have numbness in legs and weakness in legs and tingling in legs and pain radiating from lower back to legs.,Sciatica
I have numbness in legs.,Sciatica
I have pain radiating from lower back to legs.,Sciatica
I have weakness in legs.,Sciatica
I have tingling in legs.,Sciatica
I have pain radiating from lower back to legs and weakness in legs and tingling in legs and numbness in legs.,Sciatica
I have tingling in legs and numbness in legs.,Sciatica
I have pain radiating from lower back to legs and tingling in legs and weakness in legs.,Sciatica
I have weakness in legs and pain radiating from lower back to legs and numbness in legs.,Sciatica
I have numbness in legs.,Sciatica
I have weakness in legs.,Sciatica
I have pain radiating from lower back to legs.,Sciatica
I have pain radiating from lower back to legs and numbness in legs.,Sciatica
I have tingling in legs and pain radiating from lower back to legs.,Sciatica
I have numbness in legs and pain radiating from lower back to legs.,Sciatica
I have numbness in legs and pain radiating from lower back to legs.,Sciatica
I have pain radiating from lower back to legs and weakness in legs.,Sciatica
I have numbness in legs and weakness in legs and tingling in legs.,Sciatica
I have pain radiating from lower back to legs and weakness in legs and tingling in legs and numbness in legs.,Sciatica
I have weakness in legs.,Sciatica
I have pain radiating from lower back to legs.,Sciatica
I have numbness in legs.,Sciatica
I have numbness in legs and tingling in legs and weakness in legs and pain radiating from lower back to legs.,Sciatica
I have pain radiating from lower back to legs.,Sciatica
I have numbness in legs and weakness in legs and tingling in legs and pain radiating from lower back to legs.,Sciatica
I have tingling in legs and pain radiating from lower back to legs.,Sciatica
I have weakness in legs and numbness in legs and tingling in legs and pain radiating from lower back to legs.,Sciatica
I have pain radiating from lower back to legs and numbness in legs and weakness in legs and tingling in legs.,Sciatica
I have tingling in legs and pain radiating from lower back to legs.,Sciatica
I have tingling in legs and numbness in legs.,Sciatica
I have tingling in legs and pain radiating from lower back to legs and numbness in legs and weakness in legs.,Sciatica
I have tingling in legs.,Sciatica
I have weakness in legs and tingling in legs and numbness in legs and pain radiating from lower back to legs.,Sciatica
I have weakness in legs and tingling in legs and pain radiating from lower back to legs and numbness in legs.,Sciatica
I have weakness in legs and tingling in legs.,Sciatica
I have tingling in legs.,Sciatica
I have pain radiating from lower back to legs and tingling in legs.,Sciatica
I have tingling in legs and pain radiating from lower back to legs and numbness in legs.,Sciatica
I have numbness in legs.,Sciatica
I have tingling in legs and pain radiating from lower back to legs.,Sciatica
I have weakness in forearm and pain when twisting arm and pain in elbow.,Tennis elbow
I have weakness in forearm and difficulty gripping objects.,Tennis elbow
I have pain when twisting arm.,Tennis elbow
I have weakness in forearm and pain in elbow.,Tennis elbow
I have difficulty gripping objects and pain in elbow and weakness in forearm and pain when twisting arm.,Tennis elbow
I have pain when twisting arm and difficulty gripping objects and pain in elbow.,Tennis elbow
I have pain when twisting arm and difficulty gripping objects and weakness in forearm.,Tennis elbow
I have difficulty gripping objects and weakness in forearm.,Tennis elbow
I have difficulty gripping objects and pain in elbow and weakness in forearm and pain when twisting arm.,Tennis elbow
I have difficulty gripping objects and pain in elbow and pain when twisting arm.,Tennis elbow
I have pain in elbow and weakness in forearm and difficulty gripping objects and pain when twisting arm.,Tennis elbow
I have pain when twisting arm and pain in elbow and weakness in forearm and difficulty gripping objects.,Tennis elbow
I have weakness in forearm and pain in elbow and difficulty gripping objects.,Tennis elbow
I have difficulty gripping objects and weakness in forearm and pain when twisting arm.,Tennis elbow
I have weakness in forearm and pain when twisting arm.,Tennis elbow
I have difficulty gripping objects.,Tennis elbow
I have pain in elbow and weakness in forearm and difficulty gripping objects and pain when twisting arm.,Tennis elbow
I have weakness in forearm and difficulty gripping objects and pain when twisting arm and pain in elbow.,Tennis elbow
I have pain when twisting arm and weakness in forearm.,Tennis elbow
I have pain in elbow and difficulty gripping objects.,Tennis elbow
I have pain in elbow and difficulty gripping objects and pain when twisting arm and weakness in forearm.,Tennis elbow
I have weakness in forearm and pain when twisting arm and difficulty gripping objects.,Tennis elbow
I have difficulty gripping objects and pain when twisting arm.,Tennis elbow
I have difficulty gripping objects and pain in elbow and pain when twisting arm.,Tennis elbow
I have weakness in forearm and pain in elbow.,Tennis elbow
I have pain when twisting arm and weakness in forearm and difficulty gripping objects and pain in elbow.,Tennis elbow
I have pain in elbow and pain when twisting arm.,Tennis elbow
I have difficulty gripping objects and pain when twisting arm and pain in elbow and weakness in forearm.,Tennis elbow
I have pain in elbow.,Tennis elbow
I have pain when twisting arm and weakness in forearm.,Tennis elbow
I have pain when twisting arm.,Tennis elbow
I have weakness in forearm and pain when twisting arm.,Tennis elbow
I have pain in elbow and weakness in forearm and difficulty gripping objects and pain when twisting arm.,Tennis elbow
I have difficulty gripping objects and weakness in forearm.,Tennis elbow
I have difficulty gripping objects and pain in elbow and weakness in forearm and pain when twisting arm.,Tennis elbow
I have weakness in forearm and pain when twisting arm.,Tennis elbow
I have difficulty gripping objects and pain in elbow and weakness in forearm.,Tennis elbow
I have weakness in forearm and pain in elbow and pain when twisting arm.,Tennis elbow
I have pain in elbow and weakness in forearm and pain when twisting arm.,Tennis elbow
I have pain when twisting arm and weakness in forearm.,Tennis elbow
I have pain in elbow and difficulty gripping objects and pain when twisting arm.,Tennis elbow
I have pain when twisting arm.,Tennis elbow
I have difficulty gripping objects and weakness in forearm and pain in elbow.,Tennis elbow
I have difficulty gripping objects and pain when twisting arm.,Tennis elbow
I have difficulty gripping objects.,Tennis elbow
I have pain when twisting arm.,Tennis elbow
I have pain in elbow and pain when twisting arm and difficulty gripping objects and weakness in forearm.,Tennis elbow
I have pain when twisting arm.,Tennis elbow
I have weakness in forearm.,Tennis elbow
I have pain in elbow and pain when twisting arm and weakness in forearm.,Tennis elbow
I have pain in elbow.,Tennis elbow
I have weakness in forearm and pain when twisting arm.,Tennis elbow
I have difficulty gripping objects.,Tennis elbow
I have pain when twisting arm and difficulty gripping objects.,Tennis elbow
I have pain when twisting arm and pain in elbow and difficulty gripping objects.,Tennis elbow
I have weakness in forearm and pain when twisting arm and pain in elbow and difficulty gripping objects.,Tennis elbow
I have pain when twisting arm.,Tennis elbow
I have pain in elbow and weakness in forearm and difficulty gripping objects.,Tennis elbow
I have difficulty gripping objects and weakness in forearm.,Tennis elbow
I have pain when twisting arm and pain in elbow and weakness in forearm and difficulty gripping objects.,Tennis elbow
I have pain when twisting arm and weakness in forearm and difficulty gripping objects and pain in elbow.,Tennis elbow
I have pain when twisting arm and weakness in forearm.,Tennis elbow
I have difficulty gripping objects.,Tennis elbow
I have pain in elbow and pain when twisting arm and weakness in forearm and difficulty gripping objects.,Tennis elbow
I have pain when twisting arm and weakness in forearm.,Tennis elbow
I have weakness in forearm and difficulty gripping objects and pain when twisting arm and pain in elbow.,Tennis elbow
I have pain in elbow and pain when twisting arm and difficulty gripping objects and weakness in forearm.,Tennis elbow
I have pain in elbow and difficulty gripping objects and weakness in forearm.,Tennis elbow
I have difficulty gripping objects and weakness in forearm and pain when twisting arm and pain in elbow.,Tennis elbow
I have pain in elbow.,Tennis elbow
I have weakness in forearm.,Tennis elbow
I have pain when twisting arm and weakness in forearm.,Tennis elbow
I have pain when twisting arm and difficulty gripping objects.,Tennis elbow
I have difficulty gripping objects.,Tennis elbow
I have pain in elbow and weakness in forearm and pain when twisting arm and difficulty gripping objects.,Tennis elbow
I have weakness in forearm and pain when twisting arm.,Tennis elbow
I have difficulty gripping objects.,Tennis elbow
I have difficulty gripping objects and pain when twisting arm and weakness in forearm.,Tennis elbow
I have pain when twisting arm and pain in elbow.,Tennis elbow
I have difficulty gripping objects and weakness in forearm.,Tennis elbow
I have weakness in forearm and pain when twisting arm and pain in elbow and difficulty gripping objects.,Tennis elbow
I have pain when twisting arm and weakness in forearm and difficulty gripping objects and pain in elbow.,Tennis elbow
I have pain in elbow and weakness in forearm and difficulty gripping objects and pain when twisting arm.,Tennis elbow
I have pain when twisting arm.,Tennis elbow
I have difficulty gripping objects and pain in elbow and pain when twisting arm.,Tennis elbow
I have pain when twisting arm and difficulty gripping objects and weakness in forearm and pain in elbow.,Tennis elbow
I have difficulty gripping objects and pain in elbow and pain when twisting arm.,Tennis elbow
I have pain in elbow and difficulty gripping objects and weakness in forearm.,Tennis elbow
I have pain when twisting arm and pain in elbow and weakness in forearm.,Tennis elbow
I have weakness in forearm and pain in elbow.,Tennis elbow
I have pain when twisting arm.,Tennis elbow
I have weakness in forearm.,Tennis elbow
I have difficulty gripping objects.,Tennis elbow
I have pain when twisting arm.,Tennis elbow
I have weakness in forearm and pain when twisting arm and pain in elbow.,Tennis elbow
I have difficulty gripping objects and pain when twisting arm and pain in elbow.,Tennis elbow
I have pain when twisting arm and difficulty gripping objects.,Tennis elbow
I have pain in elbow and difficulty gripping objects and pain when twisting arm and weakness in forearm.,Tennis elbow
I have pain in elbow.,Tennis elbow
I have pain in elbow.,Tennis elbow
I have pain after standing and stiffness in foot and pain in heel and pain in arch of foot.,Plantar fasciitis
I have pain after standing.,Plantar fasciitis
I have stiffness in foot.,Plantar fasciitis
I have pain in arch of foot.,Plantar fasciitis
I have stiffness in foot and pain in heel and pain in arch of foot.,Plantar fasciitis
I have pain after standing and stiffness in foot and pain in arch of foot.,Plantar fasciitis
I have stiffness in foot.,Plantar fasciitis
I have stiffness in foot.,Plantar fasciitis
I have pain in heel and pain in arch of foot.,Plantar fasciitis
I have pain in arch of foot and pain after standing.,Plantar fasciitis
I have pain in arch of foot and pain after standing.,Plantar fasciitis
I have pain after standing.,Plantar fasciitis
I have pain in arch of foot and pain in heel.,Plantar fasciitis
I have pain in heel and pain in arch of foot.,Plantar fasciitis
I have pain in heel.,Plantar fasciitis
I have pain in heel and stiffness in foot and pain after standing and pain in arch of foot.,Plantar fasciitis
I have pain after standing.,Plantar fasciitis
I have pain in arch of foot and pain in heel and stiffness in foot.,Plantar fasciitis
I have stiffness in foot and pain after standing and pain in arch of foot and pain in heel.,Plantar fasciitis
I have pain in heel.,Plantar fasciitis
I have pain in heel.,Plantar fasciitis
I have pain in arch of foot and pain in heel and pain after standing and stiffness in foot.,Plantar fasciitis
I have pain after standing and pain in arch of foot.,Plantar fasciitis
I have pain in heel.,Plantar fasciitis
I have pain in heel and pain in arch of foot.,Plantar fasciitis
I have pain in arch of foot and pain after standing and pain in heel and stiffness in foot.,Plantar fasciitis
I have pain in arch of foot and stiffness in foot.,Plantar fasciitis
I have pain after standing and pain in heel and pain in arch of foot.,Plantar fasciitis
I have pain in arch of foot and stiffness in foot and pain in heel and pain after standing.,Plantar fasciitis
I have pain in arch of foot and stiffness in foot and pain in heel.,Plantar fasciitis
I have pain after standing.,Plantar fasciitis
I have pain after standing and stiffness in foot and pain in heel and pain in arch of foot.,Plantar fasciitis
I have pain in arch of foot.,Plantar fasciitis
I have pain in arch of foot and stiffness in foot.,Plantar fasciitis
I have pain in heel and pain in arch of foot and stiffness in foot.,Plantar fasciitis
I have stiffness in foot and pain in arch of foot and pain after standing and pain in heel.,Plantar fasciitis
I have pain in heel.,Plantar fasciitis
I have pain after standing and pain in arch of foot and pain in heel.,Plantar fasciitis
I have stiffness in foot.,Plantar fasciitis
I have pain in heel and pain in arch of foot and stiffness in foot and pain after standing.,Plantar fasciitis
I have pain after standing and pain in arch of foot and stiffness in foot and pain in heel.,Plantar fasciitis
I have pain in arch of foot and pain after standing and pain in heel and stiffness in foot.,Plantar fasciitis
I have pain in arch of foot and stiffness in foot and pain in heel.,Plantar fasciitis
I have pain after standing and stiffness in foot and pain in arch of foot.,Plantar fasciitis
I have stiffness in foot and pain in arch of foot.,Plantar fasciitis
I have pain in heel.,Plantar fasciitis
I have pain after standing and stiffness in foot and pain in heel and pain in arch of foot.,Plantar fasciitis
I have stiffness in foot and pain after standing and pain in heel and pain in arch of foot.,Plantar fasciitis
I have pain in heel and pain after standing and pain in arch of foot.,Plantar fasciitis
I have pain in heel.,Plantar fasciitis
I have stiffness in foot and pain in arch of foot.,Plantar fasciitis
I have stiffness in foot and pain after standing and pain in heel.,Plantar fasciitis
I have pain after standing and stiffness in foot and pain in heel and pain in arch of foot.,Plantar fasciitis
I have stiffness in foot and pain after standing.,Plantar fasciitis
I have pain in arch of foot.,Plantar fasciitis
I have pain after standing and pain in heel and pain in arch of foot and stiffness in foot.,Plantar fasciitis
I have pain in arch of foot and pain after standing and stiffness in foot and pain in heel.,Plantar fasciitis
I have pain after standing and pain in arch of foot.,Plantar fasciitis
I have pain in heel.,Plantar fasciitis
I have pain in heel.,Plantar fasciitis
I have pain in arch of foot and stiffness in foot and pain after standing and pain in heel.,Plantar fasciitis
I have stiffness in foot and pain after standing and pain in heel and pain in arch of foot.,Plantar fasciitis
I have pain in heel and pain in arch of foot.,Plantar fasciitis
I have pain in arch of foot and stiffness in foot and pain after standing.,Plantar fasciitis
I have pain in heel.,Plantar fasciitis
I have pain in arch of foot and pain after standing and stiffness in foot and pain in heel.,Plantar fasciitis
I have pain in arch of foot.,Plantar fasciitis
I have stiffness in foot and pain after standing.,Plantar fasciitis
I have pain in arch of foot.,Plantar fasciitis
I have pain after standing.,Plantar fasciitis
I have stiffness in foot and pain after standing and pain in arch of foot and pain in heel.,Plantar fasciitis
I have pain in heel and pain after standing and stiffness in foot.,Plantar fasciitis
I have pain after standing and pain in heel and pain in arch of foot.,Plantar fasciitis
I have pain in arch of foot.,Plantar fasciitis
I have pain after standing and stiffness in foot and pain in arch of foot and pain in heel.,Plantar fasciitis
I have pain in arch of foot and pain in heel and stiffness in foot.,Plantar fasciitis
I have pain in heel and pain in arch of foot.,Plantar fasciitis
I have pain in heel.,Plantar fasciitis
I have pain after standing and pain in arch of foot and pain in heel.,Plantar fasciitis
I have pain in arch of foot.,Plantar fasciitis
I have pain in heel.,Plantar fasciitis
I have pain in heel and pain in arch of foot.,Plantar fasciitis
I have stiffness in foot and pain in arch of foot and pain in heel and pain after standing.,Plantar fasciitis
I have stiffness in foot and pain in heel and pain after standing and pain in arch of foot.,Plantar fasciitis
I have stiffness in foot.,Plantar fasciitis
I have pain after standing.,Plantar fasciitis
I have pain in arch of foot and pain after standing and stiffness in foot and pain in heel.,Plantar fasciitis
I have stiffness in foot.,Plantar fasciitis
I have pain in arch of foot and pain after standing.,Plantar fasciitis
I have pain after standing and stiffness in foot and pain in heel and pain in arch of foot.,Plantar fasciitis
I have pain after standing.,Plantar fasciitis
I have pain in arch of foot and stiffness in foot.,Plantar fasciitis
I have pain in heel and pain in arch of foot and stiffness in foot and pain after standing.,Plantar fasciitis
I have stiffness in foot.,Plantar fasciitis
I have stiffness in foot and pain after standing.,Plantar fasciitis
I have pain in arch of foot and stiffness in foot.,Plantar fasciitis
I have pain after standing and stiffness in foot and pain in heel.,Plantar fasciitis
I have pain after standing and pain in arch of foot and pain in heel and stiffness in foot.,Plantar fasciitis
I have stiffness in foot.,Plantar fasciitis
I have pain after standing and stiffness in foot.,Plantar fasciitis
I have pain in shoulder and weakness in shoulder and pain when lying on affected side and difficulty lifting arm.,Rotator cuff injury
I have pain in shoulder.,Rotator cuff injury
I have pain when lying on affected side and pain in shoulder and difficulty lifting arm.,Rotator cuff injury
I have pain in shoulder and weakness in shoulder and pain when lying on affected side and difficulty lifting arm.,Rotator cuff injury
I have pain in shoulder and difficulty lifting arm.,Rotator cuff injury
I have pain in shoulder and difficulty lifting arm.,Rotator cuff injury
I have pain when lying on affected side.,Rotator cuff injury
I have pain when lying on affected side.,Rotator cuff injury
I have pain when lying on affected side and pain in shoulder and difficulty lifting arm.,Rotator cuff injury
I have pain in shoulder and pain when lying on affected side and difficulty lifting arm and weakness in shoulder.,Rotator cuff injury
I have weakness in shoulder and difficulty lifting arm and pain in shoulder.,Rotator cuff injury
I have weakness in shoulder.,Rotator cuff injury
I have pain in shoulder and difficulty lifting arm and pain when lying on affected side.,Rotator cuff injury
I have weakness in shoulder and pain when lying on affected side and difficulty lifting arm.,Rotator cuff injury
I have pain when lying on affected side and difficulty lifting arm.,Rotator cuff injury
I have pain in shoulder and pain when lying on affected side.,Rotator cuff injury
I have difficulty lifting arm.,Rotator cuff injury
I have weakness in shoulder and pain in shoulder and pain when lying on affected side and difficulty lifting arm.,Rotator cuff injury
I have pain in shoulder and weakness in shoulder and pain when lying on affected side and difficulty lifting arm.,Rotator cuff injury
I have difficulty lifting arm and pain in shoulder and weakness in shoulder.,Rotator cuff injury
I have weakness in shoulder and pain when lying on affected side and difficulty lifting arm.,Rotator cuff injury
I have difficulty lifting arm.,Rotator cuff injury
I have pain in shoulder and weakness in shoulder and pain when lying on affected side and difficulty lifting arm.,Rotator cuff injury
I have pain when lying on affected side and difficulty lifting arm and weakness in shoulder.,Rotator cuff injury
I have difficulty lifting arm and pain when lying on affected side.,Rotator cuff injury
I have pain in shoulder and pain when lying on affected side and difficulty lifting arm and weakness in shoulder.,Rotator cuff injury
I have difficulty lifting arm.,Rotator cuff injury
I have pain in shoulder and difficulty lifting arm.,Rotator cuff injury
I have difficulty lifting arm and weakness in shoulder and pain in shoulder and pain when lying on affected side.,Rotator cuff injury
I have pain when lying on affected side.,Rotator cuff injury
I have weakness in shoulder and pain when lying on affected side.,Rotator cuff injury
I have weakness in shoulder and difficulty lifting arm.,Rotator cuff injury
I have pain in shoulder and pain when lying on affected side.,Rotator cuff injury
I have pain when lying on affected side and difficulty lifting arm and pain in shoulder.,Rotator cuff injury
I have weakness in shoulder and pain when lying on affected side and pain in shoulder.,Rotator cuff injury
I have difficulty lifting arm and pain when lying on affected side and pain in shoulder and weakness in shoulder.,Rotator cuff injury
I have pain in shoulder and weakness in shoulder and pain when lying on affected side and difficulty lifting arm.,Rotator cuff injury
I have pain in shoulder and difficulty lifting arm and weakness in shoulder and pain when lying on affected side.,Rotator cuff injury
I have pain in shoulder and difficulty lifting arm.,Rotator cuff injury
I have difficulty lifting arm and pain when lying on affected side and pain in shoulder and weakness in shoulder.,Rotator cuff injury
I have weakness in shoulder and difficulty lifting arm and pain when lying on affected side and pain in shoulder.,Rotator cuff injury
I have pain when lying on affected side and pain in shoulder and difficulty lifting arm.,Rotator cuff injury
I have weakness in shoulder.,Rotator cuff injury
I have difficulty lifting arm and pain in shoulder and weakness in shoulder.,Rotator cuff injury
I have weakness in shoulder and difficulty lifting arm and pain when lying on affected side.,Rotator cuff injury
I have pain when lying on affected side.,Rotator cuff injury
I have pain when lying on affected side and pain in shoulder and difficulty lifting arm.,Rotator cuff injury
I have pain when lying on affected side and difficulty lifting arm and weakness in shoulder.,Rotator cuff injury
I have difficulty lifting arm and pain when lying on affected side and pain in shoulder.,Rotator cuff injury
I have pain when lying on affected side and weakness in shoulder and pain in shoulder.,Rotator cuff injury
I have pain in shoulder and weakness in shoulder.,Rotator cuff injury
I have weakness in shoulder and pain when lying on affected side and difficulty lifting arm.,Rotator cuff injury
I have pain in shoulder and difficulty lifting arm and pain when lying on affected side and weakness in shoulder.,Rotator cuff injury
I have pain in shoulder and weakness in shoulder.,Rotator cuff injury
I have weakness in shoulder and pain in shoulder.,Rotator cuff injury
I have difficulty lifting arm and pain in shoulder.,Rotator cuff injury
I have weakness in shoulder and difficulty lifting arm and pain in shoulder and pain when lying on affected side.,Rotator cuff injury
I have weakness in shoulder and pain in shoulder and difficulty lifting arm.,Rotator cuff injury
I have difficulty lifting arm and weakness in shoulder.,Rotator cuff injury
I have pain in shoulder and pain when lying on affected side and weakness in shoulder and difficulty lifting arm.,Rotator cuff injury
I have pain when lying on affected side and pain in shoulder.,Rotator cuff injury
I have pain in shoulder and difficulty lifting arm and weakness in shoulder.,Rotator cuff injury
I have pain in shoulder.,Rotator cuff injury
I have pain when lying on affected side and weakness in shoulder.,Rotator cuff injury
I have weakness in shoulder and pain when lying on affected side.,Rotator cuff injury
I have pain in shoulder and pain when lying on affected side and difficulty lifting arm and weakness in shoulder.,Rotator cuff injury
I have pain when lying on affected side and pain in shoulder.,Rotator cuff injury
I have pain when lying on affected side and pain in shoulder.,Rotator cuff injury
I have pain in shoulder and weakness in shoulder.,Rotator cuff injury
I have pain in shoulder and difficulty lifting arm and weakness in shoulder.,Rotator cuff injury
I have weakness in shoulder and pain when lying on affected side and pain in shoulder and difficulty lifting arm.,Rotator cuff injury
I have pain when lying on affected side and difficulty lifting arm and pain in shoulder and weakness in shoulder.,Rotator cuff injury
I have pain when lying on affected side and weakness in shoulder.,Rotator cuff injury
I have pain in shoulder and weakness in shoulder and pain when lying on affected side.,Rotator cuff injury
I have pain when lying on affected side and difficulty lifting arm.,Rotator cuff injury
I have pain in shoulder and weakness in shoulder and pain when lying on affected side and difficulty lifting arm.,Rotator cuff injury
I have pain when lying on affected side and difficulty lifting arm and weakness in shoulder and pain in shoulder.,Rotator cuff injury
I have pain in shoulder and pain when lying on affected side and difficulty lifting arm and weakness in shoulder.,Rotator cuff injury
I have pain in shoulder and difficulty lifting arm.,Rotator cuff injury
I have difficulty lifting arm and pain when lying on affected side and weakness in shoulder.,Rotator cuff injury
I have pain when lying on affected side.,Rotator cuff injury
I have pain in shoulder and weakness in shoulder.,Rotator cuff injury
I have pain when lying on affected side and weakness in shoulder.,Rotator cuff injury
I have weakness in shoulder and pain in shoulder.,Rotator cuff injury
I have pain in shoulder.,Rotator cuff injury
I have difficulty lifting arm and pain in shoulder.,Rotator cuff injury
I have pain when lying on affected side.,Rotator cuff injury
I have difficulty lifting arm.,Rotator cuff injury
I have pain when lying on affected side and difficulty lifting arm and pain in shoulder and weakness in shoulder.,Rotator cuff injury
I have weakness in shoulder.,Rotator cuff injury
I have weakness in shoulder and pain when lying on affected side and pain in shoulder and difficulty lifting arm.,Rotator cuff injury
I have weakness in shoulder and pain when lying on affected side and pain in shoulder and difficulty lifting arm.,Rotator cuff injury
I have pain when lying on affected side.,Rotator cuff injury
I have pain in shoulder and difficulty lifting arm and pain when lying on affected side.,Rotator cuff injury
I have pain when lying on affected side and pain in shoulder.,Rotator cuff injury
I have difficulty lifting arm.,Rotator cuff injury
I have weakness in shoulder and pain in shoulder and pain when lying on affected side and difficulty lifting arm.,Rotator cuff injury
I have pain in shoulder and weakness in shoulder and difficulty lifting arm.,Rotator cuff injury
I have weakness in shoulder and pain in shoulder and difficulty lifting arm.,Rotator cuff injury
I have difficulty lifting arm and pain when lying on affected side and weakness in shoulder and pain in shoulder.,Rotator cuff injury
I have pain when climbing stairs and pain when lying on affected side and pain in hip.,Hip bursitis
I have pain when climbing stairs and pain when lying on affected side and pain in hip.,Hip bursitis
I have swelling in hip and pain in hip.,Hip bursitis
I have pain when lying on affected side and pain when climbing stairs and swelling in hip and pain in hip.,Hip bursitis
I have pain when lying on affected side and swelling in hip and pain when climbing stairs.,Hip bursitis
I have swelling in hip.,Hip bursitis
I have pain when climbing stairs and pain when lying on affected side and swelling in hip.,Hip bursitis
I have pain in hip and swelling in hip and pain when climbing stairs and pain when lying on affected side.,Hip bursitis
I have pain when climbing stairs and pain when lying on affected side and pain in hip.,Hip bursitis
I have pain when climbing stairs.,Hip bursitis
I have swelling in hip and pain when climbing stairs and pain in hip.,Hip bursitis
I have pain when climbing stairs and swelling in hip and pain when lying on affected side.,Hip bursitis
I have pain when climbing stairs and pain in hip and swelling in hip.,Hip bursitis
I have pain when climbing stairs and pain when lying on affected side.,Hip bursitis
I have swelling in hip and pain in hip and pain when climbing stairs and pain when lying on affected side.,Hip bursitis
I have pain in hip.,Hip bursitis
I have pain in hip and pain when climbing stairs.,Hip bursitis
I have pain in hip and pain when climbing stairs.,Hip bursitis
I have pain in hip and pain when climbing stairs and pain when lying on affected side.,Hip bursitis
I have pain when climbing stairs and pain when lying on affected side.,Hip bursitis
I have pain when climbing stairs and swelling in hip and pain in hip.,Hip bursitis
I have swelling in hip and pain when lying on affected side and pain when climbing stairs and pain in hip.,Hip bursitis
I have pain when lying on affected side and swelling in hip and pain when climbing stairs and pain in hip.,Hip bursitis
I have pain in hip and pain when climbing stairs and pain when lying on affected side and swelling in hip.,Hip bursitis
I have pain in hip and pain when climbing stairs and swelling in hip and pain when lying on affected side.,Hip bursitis
I have pain when lying on affected side.,Hip bursitis
I have pain in hip and swelling in hip and pain when climbing stairs.,Hip bursitis
I have pain in hip and pain when lying on affected side and swelling in hip and pain when climbing stairs.,Hip bursitis
I have pain in hip and pain when climbing stairs and pain when lying on affected side and swelling in hip.,Hip bursitis
I have pain in hip and swelling in hip and pain when climbing stairs.,Hip bursitis
I have pain when climbing stairs and swelling in hip and pain when lying on affected side.,Hip bursitis
I have pain when climbing stairs and pain in hip and pain when lying on affected side.,Hip bursitis
I have pain when climbing stairs and pain when lying on affected side and swelling in hip.,Hip bursitis
I have pain in hip and swelling in hip and pain when climbing stairs and pain when lying on affected side.,Hip bursitis
I have swelling in hip.,Hip bursitis
I have swelling in hip and pain in hip and pain when lying on affected side.,Hip bursitis
I have pain when climbing stairs and swelling in hip.,Hip bursitis
I have pain when lying on affected side and pain in hip.,Hip bursitis
I have pain when lying on affected side and pain in hip.,Hip bursitis
I have swelling in hip.,Hip bursitis
I have pain when lying on affected side and swelling in hip and pain when climbing stairs and pain in hip.,Hip bursitis
I have swelling in hip and pain when climbing stairs.,Hip bursitis
I have pain in hip and pain when climbing stairs.,Hip bursitis
I have pain when lying on affected side and swelling in hip and pain in hip and pain when climbing stairs.,Hip bursitis
I have pain in hip and swelling in hip.,Hip bursitis
I have swelling in hip.,Hip bursitis
I have pain when lying on affected side and pain when climbing stairs.,Hip bursitis
I have pain when lying on affected side and swelling in hip and pain when climbing stairs.,Hip bursitis
I have pain in hip and pain when climbing stairs and swelling in hip and pain when lying on affected side.,Hip bursitis
I have pain when climbing stairs and pain in hip and swelling in hip and pain when lying on affected side.,Hip bursitis
I have pain when lying on affected side and pain in hip.,Hip bursitis
I have pain when climbing stairs and pain in hip.,Hip bursitis
I have swelling in hip and pain in hip and pain when climbing stairs.,Hip bursitis
I have pain in hip and pain when lying on affected side.,Hip bursitis
I have swelling in hip.,Hip bursitis
I have swelling in hip and pain when climbing stairs.,Hip bursitis
I have pain when lying on affected side.,Hip bursitis
I have pain in hip.,Hip bursitis
I have pain when lying on affected side and pain when climbing stairs and pain in hip and swelling in hip.,Hip bursitis
I have pain when climbing stairs.,Hip bursitis
I have pain when climbing stairs and swelling in hip and pain in hip.,Hip bursitis
I have pain when climbing stairs.,Hip bursitis
I have pain when lying on affected side and pain when climbing stairs and swelling in hip and pain in hip.,Hip bursitis
I have pain in hip and pain when climbing stairs and pain when lying on affected side and swelling in hip.,Hip bursitis
I have pain when lying on affected side and pain in hip.,Hip bursitis
I have pain when climbing stairs and swelling in hip and pain when lying on affected side and pain in hip.,Hip bursitis
I have pain when climbing stairs and pain when lying on affected side.,Hip bursitis
I have swelling in hip and pain when climbing stairs and pain in hip and pain when lying on affected side.,Hip bursitis
I have pain when climbing stairs and pain in hip and pain when lying on affected side and swelling in hip.,Hip bursitis
I have pain when lying on affected side.,Hip bursitis
I have pain when climbing stairs and pain in hip and pain when lying on affected side and swelling in hip.,Hip bursitis
I have pain when lying on affected side and swelling in hip and pain when climbing stairs.,Hip bursitis
I have pain in hip.,Hip bursitis
I have pain in hip.,Hip bursitis
I have pain when climbing stairs and pain in hip.,Hip bursitis
I have swelling in hip.,Hip bursitis
I have pain in hip and swelling in hip and pain when lying on affected side and pain when climbing stairs.,Hip bursitis
I have pain when lying on affected side.,Hip bursitis
I have pain when lying on affected side and pain in hip.,Hip bursitis
I have pain in hip and pain when lying on affected side and pain when climbing stairs and swelling in hip.,Hip bursitis
I have pain when climbing stairs and pain in hip and pain when lying on affected side and swelling in hip.,Hip bursitis
I have pain when climbing stairs and pain when lying on affected side.,Hip bursitis
I have pain when lying on affected side.,Hip bursitis
I have pain when climbing stairs and swelling in hip.,Hip bursitis
I have swelling in hip and pain when climbing stairs and pain in hip.,Hip bursitis
I have pain when lying on affected side and pain when climbing stairs.,Hip bursitis
I have swelling in hip.,Hip bursitis
I have pain when climbing stairs and pain in hip and pain when lying on affected side and swelling in hip.,Hip bursitis
I have pain when climbing stairs and pain in hip and pain when lying on affected side.,Hip bursitis
I have swelling in hip and pain in hip and pain when climbing stairs and pain when lying on affected side.,Hip bursitis
I have pain in hip and pain when lying on affected side and pain when climbing stairs.,Hip bursitis
I have pain when lying on affected side and pain in hip and swelling in hip and pain when climbing stairs.,Hip bursitis
I have pain in hip and swelling in hip.,Hip bursitis
I have swelling in hip and pain in hip.,Hip bursitis
I have pain in hip and pain when lying on affected side and pain when climbing stairs.,Hip bursitis
I have pain in hip and swelling in hip.,Hip bursitis
I have pain in hip.,Hip bursitis
I have swelling in hip and pain in hip and pain when climbing stairs.,Hip bursitis
I have pain when climbing stairs.,Hip bursitis
I have swelling in hip and pain when climbing stairs.,Hip bursitis
